seqnames	start	end	width	strand	type	gene	function.	codon_start	product	protein_id	translation	loctype	gene_id	transcript_id	note	ribosomal_slippage
A/California/07/2009	21	1721	1701	+	CDS	HA	receptor binding and fusion protein	1	hemagglutinin	AFM72832.1	MKAILVVLLYTFATANADTLCIGYHANNSTDTVDTVLEKNVTVTHSVNLLEDKHNGKLCKLRGVAPLHLGKCNIAGWILGNPECESLSTASSWSYIVETPSSDNGTCYPGDFIDYEELREQLSSVSSFERFEIFPKTSSWPNHDSNKGVTAACPHAGAKSFYKNLIWLVKKGNSYPKLSKSYINDKGKEVLVLWGIHHPSTSADQQSLYQNADAYVFVGSSRYSKKFKPEIAIRPKVRDREGRMNYYWTLVEPGDKITFEATGNLVVPRYAFAMERNAGSGIIISDTPVHDCNTTCQTPKGAINTSLPFQNIHPITIGKCPKYVKSTKLRLATGLRNIPSIQSRGLFGAIAGFIEGGWTGMVDGWYGYHHQNEQGSGYAADLKSTQNAIDEITNKVNSVIEKMNTQFTAVGKEFNHLEKRIENLNKKVDDGFLDIWTYNAELLVLLENERTLDYHDSNVKNLYEKVRSQLKNNAKEIGNGCFEFYHKCDNTCMESVKNGTYDYPKYSEEAKLNREEIDGVKLESTRIYQILAIYSTVASSLVLVVSLGAISFWMCSNGSLQCRICI	normal	HA	HA.1	NA	NA
A/Brisbane/59/2007	1	1698	1698	+	CDS	HA	receptor binding and fusion protein	1	hemagglutinin	ADE28750.1	MKVKLLVLLCTFTATYADTICIGYHANNSTDTVDTVLEKNVTVTHSVNLLENSHNGKLCLLKGIAPLQLGNCSVAGWILGNPECELLISKESWSYIVEKPNPENGTCYPGHFADYEELREQLSSVSSFERFEIFPKESSWPNHTVTGVSASCSHNGESSFYRNLLWLTGKNGLYPNLSKSYANNKEKEVLVLWGVHHPPNIGNQKALYHTENAYVSVVSSHYSRKFTPEIAKRPKVRDQEGRINYYWTLLEPGDTIIFEANGNLIAPRYAFALSRGFGSGIINSNAPMDKCDAKCQTPQGAINSSLPFQNVHPVTIGECPKYVRSAKLRMVTGLRNIPSIQSRGLFGAIAGFIEGGWTGMVDGWYGYHHQNEQGSGYAADQKSTQNAINGITNKVNSVIEKMNTQFTAVGKEFNKLERRMENLNKKVDDGFIDIWTYNAELLVLLENERTLDFHDSNVKNLYEKVKSQLKNNAKEIGNGCFEFYHKCNDECMESVKNGTYDYPKYSEESKLNREKIDGVKLESMGVYQILAIYSTVASSLVLLVSLGAISFWMCSNGSLQCRICI	normal	HA	HA.1	NA	NA
A/swine/Oklahoma/011506/2007(H3N2)	1	2151	2151	+	CDS	PA	NA	1	polymerase PA	ACV42105.1	MEDFVRQCFNPMIVELAEKTMKEYGEDSKIETNKFAAICTHLEVCFMYSDFHFIDERGESIIVESGDPNALLKHRFEIIEGRDRTMAWTVVNSICNTTGVEKPKFLPDLYDYKENRFVEIGVTRREVHIYYLEKANKIKSEKTHIHIFSFTGEEMATKADYTLDEESRARIKTRLFTIRQEMASRGLWDSFRQSERGEETIEERFEITGTMRRLADQSLPPNFSSLENFRAYVDGFEPNGCIEGKLSQMSKEVNAQIEPFLKKTPRPLRLPDGPPCSQRSKFLLMDALKLSIEDPSHEGEGIPLYDAIKCMKTFFGWKEPNIIKPHEKGINPNYLLAWKQVLAELQDIENEEKIPKTKNMKRTSQLKWALGENMAPEKVDFDDCKDVSDLKQYDSDEPEPRSLASWVQNEFNKACELTDSSWIELDEIGEDVAPIEHIASMRRNYFTAEVSHCRATEYIMKGVYINTALLNASCAAMDDFQLIPMISKCRTKEGRRKTNLYGFIIKGRSHLRNDTDVVNFVSMEFSLVDPRLEPHKWEKYCVLEIGDMLLRTAIGQVSRPMFLYVRTNGTSKIKMKWGMEMRRCLLQSLQQIESMIEAESSVKEKDMTKEFFENKSETWPIGESPKGVEEGSIGKVCRTLLAKSVFNSLYASPQLEGFSAESRKLLLIVQALRDNLEPGTFDLGGLYEAIEECLINDPWVLLNASWFNSFLTHALK	normal	PA	PA.1	NA	NA
A/least sandpiper/South CentralAlaska/7KW0434/2007	11	2284	2274	+	CDS	PB1	NA	1	polymerase PB1	ADR00832.1	MDVNPTLLFLKVPAQNAISITFPYTGDPPYSHGTGTGYTMDTVNRTHQYSEKGKWTTNTETGAPQLNPIDGPLPEDNEPSGYAQTDCVLEAMAFLEESHPGIFENSCLETMEVVQQTRVDKLTQGRQTYDWTLNRNQPAATALANTIEVFRSNGLTANESGRLIDFLKDVMESMDKEEVEITTHFQRKRRVRDNMTKKMITQRTIGKKKQRLNKRSYLIRALTLNTMTKDAERGKLKRRAIATPGMQIRGFVYFVETLARSICEKLEQSGLPVGGNEKKAKLANVVRKMMTNSQDTELSFTITGDNTKWNENQNPRMFLAMITYITRNQPEWFRNVLSIAPIMFSNKMARLGKGYMFESKSMKLRTQIPAEMLASIDLKYFNESTRQKIEKIRPLLIDGTASLSPGMMMGMFNMLSTVLGVSILNLGQKRYTKTTYWWDGLQSSDDFALIVNAPNHEGIQAGVDRFYRTCKLVGINMSKKKSYINRTGTFEFTSFFYRYGFVANFSMELPSFGVSGINESADMSIGVTVIKNNMINNDLGPATAQMALQLFIKDYRYTYRCHRGDTQIQTRRSFELKKLWEQTRSKAGLLISDGGPNLYNIRNLHIPEVCLKWELMDEDYQGRLCNPLNPFVSHKEIESVNNAVVMPAHGPAKSMEYDAVATTHSWIPKRNRSILNTSQRGILEDEQMYQKCCNLFEKFFPSSSYRRPVGISSMVEAMVSRARIDARIDFESGRIKKEEFAEIMKICSTIEELRRQK	normal	PB1	PB1.1	NA	NA
A/reassortant/NYMC X-181A	16	2295	2280	+	CDS	PB2	NA	1	polymerase PB2	AFM72861.1	MERIKELRNLMSQSRTREILTKTTVDHMAIIKKYTSGRQEKNPALRMKWMMAMKYPITADKRITEMIPERNEQGQTLWSKMNDAGSDRVMVSPLAVTWWNRNGPITNTVHYPKIYKTYFERVERLKHGTFGPVHFRNQVKIRRRVDINPGHADLSAKEAQDVIMEVVFPNEVGARILTSESQLTITKEKKEELQDCKISPLMVAYMLERELVRKTRFLPVAGGTSSVYIEVLHLTQGTCWEQMYTPGGEVRNDDVDQSLIIAARNIVRRAAVSADPLASLLEMCHSTQIGGIRMVDILRQNPTEEQAVDICKAAMGLRISSSFSFGGFTFKRTSGSSVKREEEVLTGNLQTLKIRVHEGYEEFTMVGRRATAILRKATRRLIQLIVSGRDEQSIAEAIIVAMVFSQEDCMIKAVRGDLNFVNRANQRLNPMHQLLRHFQKDAKVLFQNWGVEPIDNVMGMIGILPDMTPSIEMSMRGVRISKMGVDEYSSTERVVVSIDRFLRIRDQRGNVLLSPEEVSETQGTEKLTITYSSSMMWEINGPESVLVNTYQWIIRNWETVKIQWSQNPTMLYNKMEFEPFQSLVPKAIRGQYSGFVRTLFQQMRDVLGTFDTAQIIKLLPFAAAPPKQSRMQFSSFTVNVRGSGMRILVRGNSPVFNYNKATKRLTVLGKDAGTLTEDPDEGTAGVESAVLRGFLILGKEDKRYGPALSINELSNLAKGEKANVLIGQGDVVLVMKRKRDSSILTDSQTATKRIRMAIN	normal	PB2	PB2.1	NA	NA
A/Texas/1/1977	15	1715	1701	+	CDS	HA	receptor binding and fusion protein	1	hemagglutinin	AFG99105.1	MKTIIALSYIFCQVLAQNLPGNDNSTATLCLGHHAVPNGTLVKTITNDQIEVTNATELVQSSSTGRICDSPHRILDGKNCTLIDALLGDPHCDGFQNEKWDLFVERSKAFSNCYPYDVPDYASLRSLVASSGTLEFINEGFNWTGVTQNGGSYACKRGPDNSFFSRLNWLYKSESTYPVLNVTMPNNDNFDKLYIWGVHHPSTDKEQTNLYVQASGRVTVSTKRSQQTIIPNVGSRPWVRGLSSGISIYWTIVKPGDILLINSNGNLIAPRGYFKIRTGKSSIMRSDAPIGTCSSECITPNGSIPNDKPFQNVNKITYGACPKYVKQNTLKLATGMRNVPEKQTRGIFGAIAGFIENGWEGMIDGWYGFRHQNSEGTGQAADLKSTQAAIDQINGKLNRVIEKTNEKFHQIEKEFSEVEGRIQDLEKYVEDTKIDLWSYNAELLVALENQHTIDLTDSEMNKLFEKTRRQLRENAEDMGNGCFKIYHKCDNACIGSIRNGTYDHDVYRDEALNNRFQIKGVELKSGYKDWILWISFAISCFLLCVVLLGFIMWACQKGNIRCNICI	normal	HA	HA.1	NA	NA
A/WSN/1933	2	31	30	+	CDS	NEP	NA	1	nuclear export protein	ACF54604.1	MDPNTVSSFQDILMRMSKMQLGSSSEDLNGIITQFESLKLYRDSLGEAVMRMGDLHSLQNRNGKWREQLGQKFEEIRWLIEEVRHRLKITENSFEQITFMQALQLLLEVEQEIRTFSFQLI	normal	NEP	NEP.1	nonstructural protein 2	NA
A/New York/211/2003	4	1413	1410	+	CDS	NA	NA	1	neuraminidase	ABC40525.1	MNPNQKIITIGSVSLTIATICFLTQIAILVTTVTLHFKQYECNSPPNNQVMLCEPTIIERNITEIVYLTNTTIEKEICPKLAEYRNWSKPQCNITGFAPFSKDNSIRLSAGGDIWVTREPYVSCDPDKCYQFALGQGTTLNNGHSNDTVHDRTPYRTLLMNELGVPFHLGTKQVCIAWSSSSCHDGKAWLHVCVTGDDKNATASFIYNGRLVDSIGSWSKKILRTQESECVCINGTCTVVMTDGSASGKADTKILFIEEGKIVHTSLLSGSAQHVEECSCYPRYPGVRCVCRDNWKGSNRPIVDINVKDYSIVSSYVCSGLVGDTPRKNDSSSSSHCLDPNNEEGGHGVKGWAFDDGNDVWMGRTISEKLRSGYETFKVIEGWSKPNSKLQINRQVIVDRDNRSGYSGIFSVEGKSCINRCFYVELIRGRNQETEVLWTSNSIVVFCGTSGTYGTGSWPDGADINLMPI	normal	NA	NA.1	NA	NA
A/Canada/rv504/2004	46	1542	1497	+	CDS	NP	NA	1	nucleocapsid protein	ABI85004.1	MASQGTKRSYEQMETGGERQNATEIRASVGRMVGGIGRFYIQMCTELKLSDYEGRLIQNSITIERMVLSAFDERRNKYLEEHPSAGKDPKKTGGPIYKRRDGKWMRELILYDKEEIRRIWRQANNGEDATAGLTHLMIWHSNLNDATYQRTRALVRTGMDPRMCSLMQGSTLPRRSGAAGAAVKGVGTMVMELIRMIKRGINDRNFWRGENGRRTRIAYERMCNILKGKFQTAAQRAMMDQVRESRNPGNAEIEDLIFLARSALILRGSVAHKSCLPACVYGLAVASGYDFEREGYSLVGIDPFRLLQNSQVFSLIRPNENPAHKSQLVWMACHSAAFEDLRVSSFIRGTRVVPRGQLSTRGVQIASNENMETMDSSTLELRSRYWAIRTRSGGNTNQQRASAGQISVQPTFSVQRNLPFERATIMAAFTGNTEGRTSDMRTEIIRMMENARPEDVSFQGRGVFELSDEKATNPIVPSFDMSNEGSYFFGDNAEEYDN	normal	NP	NP.1	NA	NA
A/Indonesia/5/2005	29	1735	1707	+	CDS	HA	receptor binding and fusion protein	1	hemagglutinin	AFM78567.1	MEKIVLLLAIVSLVKSDQICIGYHANNSTEQVDTIMEKNVTVTHAQDILEKTHNGKLCDLDGVKPLILRDCSVAGWLLGNPMCDEFINVPEWSYIVEKANPTNDLCYPGSFNDYEELKHLLSRINHFEKIQIIPKSSWSDHEASSGVSSACPYLGSPSFFRNVVWLIKKNSTYPTIKKSYNNTNQEDLLVLWGIHHPNDAAEQTRLYQNPTTYISIGTSTLNQRLVPKIATRSKVNGQSGRMEFFWTILKPNDAINFESNGNFIAPEYAYKIVKKGDSAIMKSELEYGNCNTKCQTPMGAINSSMPFHNIHPLTIGECPKYVKSNRLVLATGLRNSPQRESRRKKRGLFGAIAGFIEGGWQGMVDGWYGYHHSNEQGSGYAADKESTQKAIDGVTNKVNSIIDKMNTQFEAVGREFNNLERRIENLNKKMEDGFLDVWTYNAELLVLMENERTLDFHDSNVKNLYDKVRLQLRDNAKELGNGCFEFYHKCDNECMESIRNGTYNYPQYSEEARLKREEISGVKLESIGTYQILSIYSTVASSLALAIMMAGLSLWMCSNGSLQCRICI	normal	HA	HA.1	NA	NA
A/Brisbane/59/2007(H1N1)	33	1730	1698	+	CDS	HA	receptor binding and fusion protein	1	hemagglutinin	ACA28846.1	MKVKLLVLLCTFTATYADTICIGYHANNSTDTVDTVLEKNVTVTHSVNLLENSHNGKLCLLKGIAPLQLGNCSVAGWILGNPECELLISKESWSYIVEKPNPENGTCYPGHFADYEELREQLSSVSSFERFEIFPKESSWPNHTVTGVSASCSHNGESSFYRNLLWLTGKNGLYPNLSKSYANNKEKEVLVLWGVHHPPNIGIQKALYHTENAYVSVVSSHYSRKFTPEIAKRPKVRDQEGRINYYWTLLEPGDTIIFEANGNLIAPRYAFALSRGFGSGIINSNAPMDKCDAKCQTPQGAINSSLPFQNVHPVTIGECPKYVRSAKLRMVTGLRNIPSIQSRGLFGAIAGFIEGGWTGMVDGWYGYHHQNEQGSGYAADQKSTQNAINGITNKVNSVIEKMNTQFTAVGKEFNKLERRMENLNKKVDDGFIDIWTYNAELLVLLENERTLDFHDSNVKNLYEKVKSQLKNNAKEIGNGCFEFYHKCNDECMESVKNGTYDYPKYSEESKLNREKIDGVKLESMGVYQILAIYSTVASSLVLLVSLGAISFWMCSNGSLQCRICI	normal	HA	HA.1	NA	NA
Influenza B virus (B/Singapore/35/1998)	38	1720	1683	+	CDS	NP	NA	1	nucleoprotein	ABN50453.1	MSNMDIDGINTGTIDKTPEEITSGTSGTTRPIIRPATLAPPSNKRTRNPSPERATTSSEADVGRKTQKKQTPTEIKKSVYNMVVKLGEFYNQMMVKAGLNDDMERNLIQNAHAVERILLAATDDKKTEFQKKKNARDVKEGKEEIDHNKTGGTFYKMVRDDKTIYFSPIRITFLKEEVKTMYKTTMGSDGFSGLNHIMIGHSQMNDVCFQRSKALKRVGLDPSLISTFAGSTIPRRSGATGVAIKGGGTLVAEAIRFIGRAMADRGLLRDIKAKTAYEKILLNLKNKCSAPQQKALVDQVIGSRNPGIADIEDLTLLARSMVVVRPSVASKVVLPISIYAKIPQLGFNVEEYSMVGYEAMALYNMATPVSILRMGDDAKDKSQLFFMSCFGAAYEDLRVLSALTGTEFKPRSALKCKGFHIPAKEQVEGMGAALMSIKLQFWAPMTRSGGNEVGGDGGSGQISCSPVFAVERPIALSKQAVRRMLSMNIEGRDADVKGNLLKMMNDSMAKKTNGNAFIGRKMFQISDKNKTNPVEIPIKQTIPNFFFGRDTAEDYDDLDY	normal	NP	NP.1	NA	NA
A/New York/6809/2009	7	36	30	+	CDS	NEP	NA	1	nuclear export protein	ADD74894.1	MDSNTMSSFQDILMRMSKMQLGSSSEDLNGMVTRFESLKIYRDSLGETVMRMGDLHYLQSRNEKWREQLGQKFEEIRWLIEEMRHRLKATENSFEQITFMQALQLLLEVEQEIRAFSFQLI	normal	NEP	NEP.1	nonstructural protein 2	NA
A/mallard/Minnesota/AI09-1678/2009	13	2163	2151	+	CDS	PA	NA	1	polymerase PA	AGK42761.1	MEDFVRQCFNPMIVELAEKAMKEYGEDPKIETNKFAAICTHLEVCFMYSDFHFIDERGESIIVESGDPNALLKHRFEIIEGRDRTMAWTVVNSICNTTGVEKPKFLPDLYDYKENRFIEIGVTRREVHIYYLEKANKIKSEKTHIHIFSFTGEEMATKADYTLDEESRARIKTRLFTIRQEMASRGLWDSFRQSERGEETIEERFEITGTMRRLADQSLPPNFSSLENFRAYVDGFEPNGCIEGKLSQMSKEVNARIEPFLKTTPRPLKLPDGPPCSQRSKFLLMDALKLSIEDPSHEGEGIPLYDAIKCMKTFFGWKEPNIIKPHEKGINPNYLLAWKQVLAELQDLENEEKIPKTKNMKKTSQLKWALGENMAPEKVDFEDCKDVGDLKQYNSDEPEPRSLASWIQSEFNKACELTDSSWIELDEIGEDVAPIEHIASMRRNYFTAEVSHCRATEYIMKGVYINTALLNASCAAMDDFQLIPMISKCRTKEGRRKTNLYGFIIKGRSHLRNDTDVVNFVSMEFSLTDPRLEPHKWEKYCVLEVGDMLLRTAIGQVSRPMFLYVRTNGTSKIKMKWGMEMRRCLLQSLQQIESMIEAESSVKEKDMTKEFFENKSETWPIGESPRGVEEGSIGKVCRTLLAKSVFNSLYASPQLEGFSAESRKLLLIVQALRDNLEPGTFDLGGLYEAIEECLINDPWVLLNASWFNSFLTHALK	normal	PA	PA.1	NA	FALSE
Influenza B virus (B/Ulan-Ude/6/2003)	2	2314	2313	+	CDS	PB2	NA	1	polymerase PB2	ABL77199.1	MTLAKIELLKQLLRDNEAKTVLKQTTVDQYNIIRKFNTSRIEKNPSLRMKWAMCSNFPLALTKGDMANRIPLEYKGIQLKTNAEDIGTKGQMCSIAAVTWWNTYGPIGDTEGFEKVYESFFLRKMRLDNATWGRITFGPVERVRKRVLLNPLTKEMPPDEASNVIMEILFPKEAGIPRESTWIHRELIKEKREKLKGTMITPIVLAYMLERELVARRRFLPVAGATSAEFIEMLHCLQGENWRQIYHPGGNKLTESRSQSMIVACRKIIRRSIVASNPLELAVEIANKTVIDTEPLKSCLTAIDGGDVACDIIRAALGLKIRQRQRFGRLELKRISGRGFKNDEEILIGNGTIQKIGIWDGEEEFHVRCGECRGILKKSKMRMEKLLINSAKKEDMKDLIILCMVFSQDTRMFQGVRGEINFLNRAGQLLSPMYQLQRYFLNRSNDLFDQWGYEESPKASELHGINELMNASDYTLKGVVVTKNVIDDFSSTETEKVSITKNLSLIKRTGEVIMGANDVSELESQAQLMITYDTPKMWEMGTTKELVQNTYQWVLKNLVTLKAQFLLGKEDMFQWDAFEAFESIIPQKMAGQYSGFARAVLKQMRDQEVMKTDQFIKLLPFCFSPPKLRSNGEPYQFLRLVLKGGGENFIEVRKGSPLFSYNPQTEVLTICGRMMSLKGKIEDEERNRSMGNAVLAGFLVSGKYDPDLGDFKTIEELEKLKPGEKANILLYQGKPVKVVKRKRYSALSNDISQGIKRQRMTVESMGWALS	normal	PB2	PB2.1	NA	NA
A/California/UR06-0442/2007	2	2281	2280	+	CDS	PB2	NA	1	polymerase PB2	ABY51258.1	MERIKELRNLMSQSRTREILTKTTVDHMAIIKKYTSGRQEKNPSLRMKWMMAMKYPITADKRITEMIPERNEQGQTLWSKVNDAGSDRVMISPLAVTWWNRNGPVANTIHYPKIYKTYFEKVERLKHGTFGPVHFRNQVKIRRRVDINPGHADLSAKEAQDVIMEVVFPNEVGARILTSESQLTITKEKKEELQNCKISPLMVAYMLERELVRKTRFLPVAGGTSSVYIEVLHLTQGTCWEQMYTPGGEVRNDDVDQSLIIAARNIVRRAAVSADPLASLLEMCHSTQIGGTRMVDILRQNPTEEQAVGICKAAMGLRISSSFSFGGFTFKRTSGSSVKREEEVLTGNLQTLKLTVHEGYEEFTMVGKRATAILKKATRRLIQLIVSGRDEQSIVEAIVVAMVFSQEDCMVKAVRGDLNFVNRANQRLNPMHQLLRHFQKDAKVLFLNWGIEHIDNVMGMIGILPDMTPSTEMSMRGVRVSKMGVDEYSNAERVVVSIDRFLRVRDQRGNVLLSPEEVSETQGTEKLTITYSSSLMWEINGPESVLINTYQWIIRNWETVKIQWSQNPTMLYNKMEFEPFQSLVPKAIRGQYSGFVRTLFQQMRDVLGTFDTTQIIKLLPFAAAPPKQSRMQFSSLTVNVRGSGMRILVRGNSPVFNYNKTTKRLTILGKDAGTLTEDPDEGTAGVESAVLRGFLILGKEDRRYGPALSINELSNLAKGEKANVLIGQGDVVLVMKRKRDSSILTDSQTATKRIRMAIN	normal	PB2	PB2.1	NA	NA
A/swine/Colorado/1/1977	1	1410	1410	+	CDS	NA	NA	1	neuraminidase	ABD61554.1	MNPNQKIITIGSVSLTIATICFLMQIAILVTTVTLHFKQYECDYPANNQAMPCEPIIIERNITEIVYLTNTTIEKEVCPKLVEYRNWSKPQCKITGFAPFSKDNSIRLSAGGDIWVTREPYVSCDPGKCYQFALGQGTTLDNKHSNDTIHDRTPHRTLLMNELGVPFHLGTRQVCIAWSSSSCHDGKAWLHVCVTGYDKNATASFIYDGRLVDSIGSWSQNILRTQESECVCINGTCTVVMTDGSASGRADTKILFIEEGKIVHTSPLSGSAQHVEECSCYPRYPGVRCICRDNWKGSNRPVVDINVKDYSINSSYVCSGLVGDTPRNNDRSSSSYCQNPNNEKGTHGVKGWAFDDGNDVWMGRTISEDSRSGYETFKVIGGWSTPNSKLQINRQVIVDSDNRSGYSGIFSVEGKSCINRCFYVELIRGREQETRVWWTSNSIVVFCGTSGTYGTGSWPDGADINIMPI	normal	NA	NA.1	NA	NA
A/mallard duck/ALB/279/1977	22	1704	1683	+	CDS	HA	receptor binding and fusion protein	1	hemagglutinin	ABB87784.1	MNTQILVFIACVLIKAKGDKICLGHHAVANGTKVNTLTERGIEVVNATETVETANIGKICTQGKRPTDLGQCGLLGTLIGPPQCDQFLEFESDLIIERREGNDVCYPGKFTNEESLRQILRGSGGVDKESMGFTYSGIRTNGATSACRRSGSSFYAEMKWLLSNSDNAAFPQMTKSYRNPRNKPALIVWGIHHSGSTAEQTKLYGSGNKLITVGSSKYQQSFTPSPGARPQVNGQSGRIDFHWLLLDPNDTVTFTFNGAFIAPDRASFFRGESLGIQSDVPLDSSCGGDCFHSGGTIVSSLPFQNINSRTVGKCPRYVKQPSLLLATGMRNVPENPKTRGLFGAIAGFIENGWEGLIDGWYGFRHQNAQGEGTAADYKSTQSAIDQITGKLNRLIDKTNQQFELIDNEFNEIEQQIGNVINWTRDSMTEVWSYNAELLVAMENQHTIDLADSEMNKLYERVRKQLRENAEEDGTGCFEIFHKCDDQCMESIRNNTYDHTQYRAESLQNRIQIDPVKLSSGYKDIILWFSFGASCFLLLAIAMGLVFICIKNGNMRCTICI	normal	HA	HA.1	NA	NA
Influenza B virus (B/Florida/7/2004)	37	1719	1683	+	CDS	NP	NA	1	nucleoprotein	ACF54218.1	MSNMDIDGINTGTIDKTPEEITSGTSGTTRPIIRPATLAPPSNKRTRNPSPERATTSSEDDARRKTQKKQTPTEIKKSVYNMVVKLGEFYNQMMVKAGLNDDMERNLIQNAHAVERILLAATDDKKTEFQKKKNARDVKEGKEEIDHNKTGGTFYKMVRDDKTIYFSPIRITFLKEEVKTMYKTTMGSDGFSGLNHIMIGHSQMNDVCFQRSKALKRVGLDPSLISTFAGSTIPRRSGATGVAIKGGGTLVAEAIRFIGRAMADRGLLRDIKAKTAYEKILLNLKNKCSAPQQKALVDQVIGSRNPGIADIEDLTLLARSMVVVRPSVASKVVLPISIYAKIPQLGFNVEEYSMVGYEAMALYNMATPVSILRMGDDAKDKSQLFFMSCFGAAYEDLRVLSALTGTEFKPRSALKCKGFHVPAKEQVEGMGAALMSIKLQFWAPMTRSGGNEVGGDGGSGQISCSPVFAVERPIALSKQAVRRMLSMNIEGRDADVKGNLLKMMNDSMAKKTSGNAFIGKKMFQISDKNKTNPVEIPIKQTIPNFFFGRDTAEDYDDLDY	normal	NP	NP.1	NA	NA
A/Uganda/MUWRP-052/2008	1	1497	1497	+	CDS	NP	NA	1	nucleocapsid protein	AEA04217.1	MASQGTKRSYEQMETDGDRQNATEIRASVGKMIDGIGRFYIQMCTELKLSDHEGRLIQNSLTIEKMVLSAFDERRNKYLEEHPSAGKDPKKTGGPIYRRVDGKWMRELVLYDKEEIRRIWRQANNGEDATSGLTHIMIWHSNLNDATYQRTRALVRTGMDPRMCSLMQGSTLPRRSGAAGAAVKGIGTMVMELIRMVKRGINDRNFWRGENGRKTRSAYERMCNILKGKFQTAAQRAMVDQVRESRNPGNAEIEDLIFLARSALILRGSVAHKSCLPACAYGPAVSSGYDFEKEGYSLVGIDPFKLLQNSQIYSLIRPNENPAHKSQLVWMACHSAAFEDLRLLSFIRGTKVSPRGKLSTRGVQIASNENMDNMGSSTLELRSGYWAIRTRSGGNTNQQRASAGQTSVQPTFSVQRNLPFEKSTIMAAFTGNTEGRTSDMRAEIIRMMEGAKPEEVSFRGRGVFELSDEKATNPIVPSFDMSNEGSYFFGDNAEEYDN	normal	NP	NP.1	NA	NA
